{
  "ticker": "AAPL",
  "timestamp_utc": "2025-12-02T23:48:15+00:00",
  "regime_model_path": "/Users/kiratbains/WorkSpace/AI-Trading-and-Market-Prediction/models/xgboost/AAPL_regime_model.pkl",
  "regime_model_sha256": "a67d3e9cee580522daa117bfca638fc71b72b06a1cb478e598ae4788007d1858",
  "direction_model_path": "/Users/kiratbains/WorkSpace/AI-Trading-and-Market-Prediction/models/xgboost/AAPL_direction_model.pkl",
  "direction_model_sha256": "6c0e590d7ca7589235ef3b7b2436cbbbdfcd635911f311916a887cd55b2c0201",
  "feature_path": "/Users/kiratbains/WorkSpace/AI-Trading-and-Market-Prediction/data/labeled/AAPL_labeled.csv",
  "feature_sha256": "a11fe165bd8534d73fc228bd76e19edcb9d1b67c442711905328ac50ce5bf915",
  "cost_bps": 10.0,
  "vol_target_annual": 0.15,
  "roll_window": 20,
  "max_leverage": 3.0,
  "rf_annual": 0.0,
  "trading_days": 252,
  "up_threshold": 0.55,
  "down_threshold": 0.45,
  "metrics": {
    "final_strategy_multiple": 1.4542932171774459,
    "final_market_multiple": 2.752709743304811,
    "cagr": 0.10274455190609832,
    "ann_vol": 0.07875712750899552,
    "sharpe": 1.2813138353446518,
    "max_drawdown": -0.0942424328008421,
    "turnover": 81.36923756715672,
    "hit_rate": 0.544,
    "direction_accuracy": 0.7751295336787565,
    "regime_accuracy": 0.933678756476684,
    "market_exposure": 0.27253886010362693,
    "avg_abs_position": 0.27253886010362693,
    "num_long": 102,
    "num_short": 161,
    "num_neutral": 702,
    "num_total": 965
  },
  "output_csv": "data/backtests/AAPL_backtest.csv"
}