{
  "ticker": "BTC-USD",
  "timestamp_utc": "2025-12-02T23:48:45+00:00",
  "regime_model_path": "/Users/kiratbains/WorkSpace/AI-Trading-and-Market-Prediction/models/xgboost/BTC-USD_regime_model.pkl",
  "regime_model_sha256": "8dc479a986e2d835a986fb0469775852477185c93e19811b517101dc697ecb99",
  "direction_model_path": "/Users/kiratbains/WorkSpace/AI-Trading-and-Market-Prediction/models/xgboost/BTC-USD_direction_model.pkl",
  "direction_model_sha256": "16f5521f1d6e33b0ed75d77369a4a6d81ec2b331ebe9c58d53bcda01db80163f",
  "feature_path": "/Users/kiratbains/WorkSpace/AI-Trading-and-Market-Prediction/data/labeled/BTC-USD_labeled.csv",
  "feature_sha256": "b4e18a4e3408c15ce5a9e2cbd1e13e80c957f7b9cba27a4c8bc63feab32a26cb",
  "cost_bps": 10.0,
  "vol_target_annual": 0.15,
  "roll_window": 20,
  "max_leverage": 3.0,
  "rf_annual": 0.0,
  "trading_days": 252,
  "up_threshold": 0.55,
  "down_threshold": 0.45,
  "metrics": {
    "final_strategy_multiple": 2.7421088137167278,
    "final_market_multiple": 4.464927092051934,
    "cagr": 0.19603697531907205,
    "ann_vol": 0.0823799301766391,
    "sharpe": 2.214561782706985,
    "max_drawdown": -0.05822890682656068,
    "turnover": 65.21495172010592,
    "hit_rate": 0.5919003115264797,
    "direction_accuracy": 0.7964788732394367,
    "regime_accuracy": 0.9366197183098591,
    "market_exposure": 0.22816901408450704,
    "avg_abs_position": 0.22816901408450704,
    "num_long": 217,
    "num_short": 107,
    "num_neutral": 1096,
    "num_total": 1420
  },
  "output_csv": "data/backtests/BTC-USD_backtest.csv"
}