{
  "ticker": "MSFT",
  "timestamp_utc": "2025-11-24T00:38:37+00:00",
  "regime_model_path": "models/xgboost/MSFT_regime_model.pkl",
  "regime_model_sha256": "38f17709713cee7538979ebb82e44b2b0e2378358c0bb3ad16c23de325a251bb",
  "direction_model_path": "models/xgboost/MSFT_direction_model.pkl",
  "direction_model_sha256": "949de1345f90ab0b49c68bfaa2b9970f06414218d8c29a876f6263b4d50525ce",
  "feature_path": "data/labeled/MSFT_labeled.csv",
  "feature_sha256": "e8a89692c28e6060a40870b221741bf7db2b779735f60faa771253d5234e670e",
  "cost_bps": 10.0,
  "vol_target_annual": 0.15,
  "roll_window": 20,
  "max_leverage": 3.0,
  "rf_annual": 0.0,
  "trading_days": 252,
  "up_threshold": 0.55,
  "down_threshold": 0.45,
  "metrics": {
    "final_strategy_multiple": 1.3395652645487972,
    "final_market_multiple": 2.306512898798034,
    "cagr": 0.07933269745266558,
    "ann_vol": 0.07231323569772231,
    "sharpe": 1.0918532697733725,
    "max_drawdown": -0.11014545901936068,
    "turnover": 99.40314001270772,
    "hit_rate": 0.5369458128078818,
    "direction_accuracy": 0.772020725388601,
    "regime_accuracy": 0.9056994818652849,
    "market_exposure": 0.21865284974093263,
    "avg_abs_position": 0.21865284974093263,
    "num_long": 87,
    "num_short": 124,
    "num_neutral": 754,
    "num_total": 965
  },
  "output_csv": "data/backtests/MSFT_backtest.csv"
}