{
  "ticker": "TSLA",
  "timestamp_utc": "2025-11-24T00:38:31+00:00",
  "regime_model_path": "models/xgboost/TSLA_regime_model.pkl",
  "regime_model_sha256": "cc83a7fee78a5847b95cad9f7163cfc6b64f3d00c93a4b0860303af7b3805b30",
  "direction_model_path": "models/xgboost/TSLA_direction_model.pkl",
  "direction_model_sha256": "5cef77918b88a3b73039a891c0e71759e68c329037f41d37eaaf4a34fdd36771",
  "feature_path": "data/labeled/TSLA_labeled.csv",
  "feature_sha256": "b9ef2320ad4dbcd66284f9ebd5afbac5b3d66d27929923a44c6612b8cc64d998",
  "cost_bps": 10.0,
  "vol_target_annual": 0.15,
  "roll_window": 20,
  "max_leverage": 3.0,
  "rf_annual": 0.0,
  "trading_days": 252,
  "up_threshold": 0.55,
  "down_threshold": 0.45,
  "metrics": {
    "final_strategy_multiple": 1.9066399982268885,
    "final_market_multiple": 4.735657794589875,
    "cagr": 0.1835574382516285,
    "ann_vol": 0.07997513189255828,
    "sharpe": 2.147631629075508,
    "max_drawdown": -0.06652437473681105,
    "turnover": 42.733504133279524,
    "hit_rate": 0.6350710900473934,
    "direction_accuracy": 0.8186528497409327,
    "regime_accuracy": 0.9378238341968912,
    "market_exposure": 0.22590673575129533,
    "avg_abs_position": 0.22590673575129533,
    "num_long": 115,
    "num_short": 103,
    "num_neutral": 747,
    "num_total": 965
  },
  "output_csv": "data/backtests/TSLA_backtest.csv"
}